bvid,url,tags,channel_crawl_time
BV1E14y1v724,http://www.bilibili.com/video/av773037727,"冷知识,升旗",2022-09-16 20:20:48
BV1HB4y1375U,http://www.bilibili.com/video/av602861932,"西瓜,牛排,科普",2022-09-16 20:20:48
BV12d4y137Fi,http://www.bilibili.com/video/av345456436,"戒色瘾,健康,戒色,科学",2022-09-16 20:20:48
BV1Qe4y1b7y4,http://www.bilibili.com/video/av560489835,"万物研究所2022第三期,万物研究所,自然,实验,物理,原子,光,玻璃,数学,知识,科普",2022-09-16 20:20:48
BV1rD4y1q73o,http://www.bilibili.com/video/av730467774,"万物研究所2022第三期,万物研究所,动物,自然,蚂蚁,昆虫,老六",2022-09-16 20:20:48
BV1Ra411u7Yo,http://www.bilibili.com/video/av217961880,"万物研究所2022第三期,万物研究所,医学,健康,搞笑,沙雕,脱发,头皮屑,头油,洗发水",2022-09-16 20:20:48
BV1L14y1v7yt,http://www.bilibili.com/video/av773056190,"原创,科学,生命,自然,昆虫,蚊子,生物,辟谣,3分钟分享一个科学知识,2022·科学3分钟,蚊子带编号",2022-09-16 20:20:48
BV1ge4y1a7Jv,http://www.bilibili.com/video/av560417275,"万物研究所2022第三期,万物研究所,生命,科学,Chubbyemu,医学,知识,4K",2022-09-16 20:20:48
BV1dT411M7JM,http://www.bilibili.com/video/av473047877,"科学,生命,水果,鉴定,自然,健康,生物,万物研究所,万物研究所2022第二季,万物研究所2022第三期",2022-09-16 20:20:48
BV17e4y1C76M,http://www.bilibili.com/video/av557869465,"科学,冷知识,大脑,知识,科普,科学科普",2022-09-16 20:20:48
BV1V14y1v7vF,http://www.bilibili.com/video/av773046563,"科学,生命,自然,冷知识,生物,涨知识",2022-09-16 20:20:48
BV1sB4y1n7dh,http://www.bilibili.com/video/av603059537,"浮游生物,蓝眼泪,荧光海滩,甲藻,发光水母,发光海滩",2022-09-16 20:20:48
BV1UP411G7ZJ,http://www.bilibili.com/video/av303018404,"科学,科普,揭秘,发现,气泡,飞行原理,水翼,万物研究所,万物研究所2022第三期",2022-09-16 20:20:48
BV1hV4y1u7dS,http://www.bilibili.com/video/av857818087,"睡眠,失眠,健康,科普,心理,生命",2022-09-16 20:20:48
BV1JG411376d,http://www.bilibili.com/video/av430486763,"万物研究所2022第三期,万物研究所,自然,生物,科学,健康,涨知识,寄生虫,福寿螺,田螺,广州管圆线虫",2022-09-16 20:20:48
BV1ga411g7gf,http://www.bilibili.com/video/av217978302,"知识,老茧,3分钟分享一个科学知识,2022·科学3分钟",2022-09-16 20:20:48
BV1Ee411u7V4,http://www.bilibili.com/video/av260403159,"冷知识,五仁月饼",2022-09-16 20:20:48
BV1cG41137Xb,http://www.bilibili.com/video/av430457501,"怀孕,孕妇,母婴,孕妈,孕期,备孕,分娩,生孩子,产妇,宝宝",2022-09-16 20:20:48
BV16P4y1Z7LJ,http://www.bilibili.com/video/av900405390,"生命,自然,生物",2022-09-16 20:20:48
BV1BK411f7be,http://www.bilibili.com/video/av472812078,"科学,科普,趣闻,建筑,冷知识,涨知识,化学锚栓,3分钟分享一个科学知识,2022·科学3分钟",2022-09-16 20:20:48
BV1724y1Z7m2,http://www.bilibili.com/video/av687979830,"科普,植物,昆虫,海南,热带雨林,毒,顾有容,狐主任,万物研究所,万物研究所2022第三期",2022-09-16 20:20:48
BV1YD4y1q7Rh,http://www.bilibili.com/video/av730443115,"宇宙,人类,文明,生物,脑洞,司徒",2022-09-16 20:20:48
BV1ie4y187yS,http://www.bilibili.com/video/av560599561,"科学,地球,天气,台风,高温,暴雨,江浙沪,地理,卫星云图,气象",2022-09-16 20:20:48
BV1x14y1e778,http://www.bilibili.com/video/av772890904,"游戏,美女,科普,全程高能,我的世界,冷知识,辟谣,营销号,沙雕营销号,知识江湖来battle",2022-09-16 20:20:48
BV1Ue4y1C7AB,http://www.bilibili.com/video/av557968308,"数学,原创,科学,科普向,冷知识,数据,趣味,万物研究所,万物研究所2022第三期",2022-09-16 20:20:48
BV1E14y1v7xQ,http://www.bilibili.com/video/av773030159,"科学,科普,健康,补钙",2022-09-16 20:20:48
BV1uB4y1n7x6,http://www.bilibili.com/video/av602972478,"中秋节,月饼",2022-09-16 20:20:48
BV1aP4y1Z7CP,http://www.bilibili.com/video/av900382111,"中国,钓鱼,神秘,渔民,朝阳,知识分享官",2022-09-16 20:20:48
BV1kt4y1L7VA,http://www.bilibili.com/video/av985442042,"原创,女生,科普,冷知识,涨知识,万物研究所,万物研究所2022第三期",2022-09-16 20:20:48
BV1aG411V7Ap,http://www.bilibili.com/video/av430427443,"万物研究所2022第三期,万物研究所,冷知识,制冰厂,冰块,赚钱,收入,制造,高温,炎热",2022-09-16 20:20:48
BV1BP411G7mQ,http://www.bilibili.com/video/av302988073,"吐槽,科学,搞笑,蜜蜂,冷知识,生物,辟谣,万物研究所,万物研究所2022第三期",2022-09-16 20:20:49
BV1XB4y1J7ik,http://www.bilibili.com/video/av602951984,"日本,新闻,东京,东京电视台,六公主,知识分享官",2022-09-16 20:20:49
BV1ct4y1j7uC,http://www.bilibili.com/video/av985504051,"科学,地球,天气,台风,高温,地理,风暴,自然灾害,气象,科学很可爱,万物研究所2022第三期",2022-09-16 20:20:49
BV1ZP4y1d7VK,http://www.bilibili.com/video/av900624947,"化肥,污染,面膜,水资源,盐碱地,新突破,郭嘉宁,主播说三农",2022-09-16 20:20:49
BV1QU4y1z7Cj,http://www.bilibili.com/video/av687810823,必剪创作,2022-09-16 20:20:49
BV1Rg411S7YP,http://www.bilibili.com/video/av515362307,"万物研究所2022第三期,万物研究所,鉴别,科普,红腹锦鸡,葡萄,P图",2022-09-16 20:20:49
BV1HG4y1z7ux,http://www.bilibili.com/video/av815428860,"万物研究所2022第三期,万物研究所,健康,大姨妈,月经,卫生巾,痛经,生理期,涨知识,生理知识,妇产科",2022-09-16 20:20:49
BV1eG4y1z7Cc,http://www.bilibili.com/video/av815436258,"原创,科学,物理,月球,涨知识",2022-09-16 20:20:49
BV1VK411f7ZE,http://www.bilibili.com/video/av472767749,"万物研究所2022第三期,万物研究所,科普,极限操作,极限,紧急,AEB,安全,汽车,刹车",2022-09-16 20:20:49
BV1Q24y1Z7B7,http://www.bilibili.com/video/av688123312,"校园分享官,校园分享官第5期",2022-09-16 20:20:49
BV18B4y137yU,http://www.bilibili.com/video/av602890674,"科学,月球,氦3",2022-09-16 20:20:49
BV1ZP411n7jg,http://www.bilibili.com/video/av303068977,"原创,物理,宇宙,实验,自然,社会,冷知识,小知识,科普纪录,涨知识",2022-09-16 20:20:49
BV1Te4y1a7Qy,http://www.bilibili.com/video/av560375832,"万物研究所2022第三期,科学很可爱,气象,地理,地球,卫星云图,天气,科学,飓风,台风,高温",2022-09-16 20:20:49
BV1ig411S7gX,http://www.bilibili.com/video/av515300696,"万物研究所2022第三期,万物研究所,电机,马达,无刷电机,吹风机,高速吹风机,超倍速干发,追觅高速pro吹风机",2022-09-16 20:20:49
BV1YW4y1B7Mz,http://www.bilibili.com/video/av942895829,"万物研究所2022第三期,科学很可爱,自然,气象,地理,地球,天气,科学,台风,高温,自然灾害",2022-09-16 20:20:49
BV1pW4y1i7p5,http://www.bilibili.com/video/av942966193,"万物研究所2022第三期,科学很可爱,科普,科学,航空,飞机",2022-09-16 20:20:49
BV1tT411M77H,http://www.bilibili.com/video/av472989872,"万物研究所2022第三期,科学很可爱,气象,地理,地球,卫星云图,天气,科学,风暴,飓风,科普纪录",2022-09-16 20:20:49
BV1KG4y1z7EV,http://www.bilibili.com/video/av815348178,"万物研究所2022第三期,科学很可爱,宇宙,科普,科学,天文,韦伯望远镜,宇宙大爆炸,微波背景辐射,星系红移",2022-09-16 20:20:49
BV1SP4y1Z7oM,http://www.bilibili.com/video/av900439877,"科普,纪录片,黄金,探访,失传已久,泥,必剪创作,3分钟分享一个科学知识,2022·科学3分钟,龙泉泥,藕杆",2022-09-16 20:20:49
BV1UP411372B,http://www.bilibili.com/video/av302861360,"HPV,尖锐湿疣,健康,我的门诊故事,高艳青",2022-09-16 20:20:49
BV1RG4y1B7zT,http://www.bilibili.com/video/av815309860,"我在B站上大学-学长学姐一站式连麦辅导,上B站学知识,自然,生物,科学,实验,柠檬",2022-09-16 20:20:49
BV1aW4y1i724,http://www.bilibili.com/video/av942999595,"日本,美国,冷知识,有趣,近视,小知识,视力,涨知识,视力表,儿童视力表",2022-09-16 20:20:49
BV1624y1o7NW,http://www.bilibili.com/video/av687883174,"生命,自然,生物",2022-09-16 20:20:49
BV1Dd4y137Y7,http://www.bilibili.com/video/av345498486,"万物研究所2022第三期,网络热门鉴定,科普,生物,自然,植物,讲解",2022-09-16 20:20:49
BV1Jd4y1X7Wh,http://www.bilibili.com/video/av387806563,"生命,肌肉,原创,冷知识",2022-09-16 20:20:49
BV1eP4y1Z7mX,http://www.bilibili.com/video/av900415608,"万物研究所2022第三期,万物研究所,双胞胎,生命,基因,冷知识,自然,遗传,孕期,医学",2022-09-16 20:20:49
BV1HY4y1M7Sm,http://www.bilibili.com/video/av645282169,"2022·科学3分钟,3分钟分享一个科学知识,科学,冷知识,涨知识,涨姿势,植物,鱼腥草,折耳根",2022-09-16 20:20:49
BV1PG41137NR,http://www.bilibili.com/video/av430466948,"孩子,科学,生命,科普",2022-09-16 20:20:49
BV1HT411M7K8,http://www.bilibili.com/video/av472971206,"万物研究所2022第三期,万物研究所,牙齿,口腔,牙医,健康,减压,科普纪录,科普向,残根,拔牙",2022-09-16 20:20:49
BV1ze4y1h7EZ,http://www.bilibili.com/video/av560281119,"科普,健康",2022-09-16 20:20:49
BV1Je41137MY,http://www.bilibili.com/video/av260272063,太可怕了,2022-09-16 20:20:51
BV1hD4y1q7hY,http://www.bilibili.com/video/av730435311,"健康,医院,手术,处理,断肢,截肢",2022-09-16 20:20:51
BV1pe4y1C7kd,http://www.bilibili.com/video/av557853507,"万物研究所2022第三期,科学很可爱,生命,科学,健康,脑科学,医学,科普,医疗,阿尔兹海默症",2022-09-16 20:20:51
BV1be4y1C7Rc,http://www.bilibili.com/video/av557904936,"万物研究所2022第三期,万物研究所,必剪创作,施工",2022-09-16 20:20:51
BV1Te411u78Q,http://www.bilibili.com/video/av260365027,"服饰,冰岛",2022-09-16 20:20:51
BV1pK411f7yF,http://www.bilibili.com/video/av472795589,"科学,飞机,航空,飞行器,模型",2022-09-16 20:20:51
BV11W4y1i7FM,http://www.bilibili.com/video/av943040859,"科普,饮料",2022-09-16 20:20:51
BV1jG411379y,http://www.bilibili.com/video/av430481264,"万物研究所2022第三期,万物研究所,河西走廊,中国,自然,摄影,风景,地理,地球,科普纪录",2022-09-16 20:20:51
BV1cd4y167uF,http://www.bilibili.com/video/av388029661,"历史,狗,狗狗,烧烤,欧洲,冷知识,小知识,蒸汽时代,转叉犬",2022-09-16 20:20:51
BV1nG41137LF,http://www.bilibili.com/video/av430486389,"中秋,非物质文化遗产,骁龙,非遗,打铁花,民间传统",2022-09-16 20:20:51
BV1Zt4y1L742,http://www.bilibili.com/video/av985529986,"历史,传说,人物,化学,神话,石化,美杜莎,湖泊,必剪创作,万物研究所,万物研究所2022第三期",2022-09-16 20:20:51
BV1LW4y1i73s,http://www.bilibili.com/video/av942941729,"万物研究所2022第三期,科学很可爱,必剪创作,二维空间,人工原子,原子",2022-09-16 20:20:51
BV1Fa411g76i,http://www.bilibili.com/video/av217944226,"吐槽,知识,急救,健康,冷知识,万物研究所,万物研究所2022第三期",2022-09-16 20:20:51
BV14V4y1g75w,http://www.bilibili.com/video/av857966413,"万物研究所2022第三期,网络热门鉴定,白蚁老巢,抓白蚁,科普,专业消杀团队",2022-09-16 20:20:51
BV1ne4y1y7tx,http://www.bilibili.com/video/av558041332,"冷知识,涨知识",2022-09-16 20:20:51
BV14g411m73T,http://www.bilibili.com/video/av515402278,"万物研究所2022第三期,万物研究所,科学,科技,发明,创意,高科技,黑科技,粮仓机器人,机器人,涨知识",2022-09-16 20:20:51
BV18D4y1q7DB,http://www.bilibili.com/video/av730461624,"万物研究所2022第三期,万物研究所,茶,茶文化,茶道,茶叶,生活记录,记录",2022-09-16 20:20:51
BV1xd4y167d3,http://www.bilibili.com/video/av388077944,"科学,神奇,科普,感冒,健康,生物,人体,胃,阿莫西林,必剪创作",2022-09-16 20:20:51
BV1VP411G7Zq,http://www.bilibili.com/video/av302936595,"植物,自然,紫茉莉,一方见地,万物研究所,万物研究所2022第三期",2022-09-16 20:20:51
BV1WW4y1i7n9,http://www.bilibili.com/video/av942971547,"生命,科普,进化,自然,孩子,痛苦,生物,必剪创作,万物研究所,万物研究所2022第三期",2022-09-16 20:20:51
BV1kd4y137CR,http://www.bilibili.com/video/av345441326,"军事科技,坦克,陆军,武器,美军,美国,阿富汗,特种部队",2022-09-16 20:20:51
BV1UK411f7Zy,http://www.bilibili.com/video/av472849508,"飞机,冷知识,火焰,科学,知识,火焰生命,航天",2022-09-16 20:20:51
BV1be4y1C7QL,http://www.bilibili.com/video/av557905032,"抬头记录此刻的天空,必剪创作,天文,宇宙,自然,NASA,发现",2022-09-16 20:20:51
BV11d4y137Tg,http://www.bilibili.com/video/av345449619,"科普,知识,冷知识,涨知识",2022-09-16 20:20:51
BV1ad4y137mX,http://www.bilibili.com/video/av345410216,"科学,地球,太阳能,环境,能源,发电,电力,气候",2022-09-16 20:20:51
BV1Ka411g7zS,http://www.bilibili.com/video/av217999359,"科学,科普,实验,冷知识,科学实验,小实验,化学反应,涨知识,科学小实验,万物研究所,万物研究所2022第三期",2022-09-16 20:20:51
BV14K411f7J3,http://www.bilibili.com/video/av472807570,"冷知识,涨知识,科学,实验,奇葩冷知识,科普",2022-09-16 20:20:51
BV1ft4y177b4,http://www.bilibili.com/video/av985397493,"2022·科学3分钟,3分钟分享一个科学知识,辟谣,健康,科学,搞笑,知识,科学科普,趣闻,吐槽",2022-09-16 20:20:51
BV1XY4y1K7h9,http://www.bilibili.com/video/av645548967,"科普,螳螂,自然,昆虫,科普纪录,铁线虫,节肢动物,线形动物,3分钟分享一个科学知识,2022·科学3分钟",2022-09-16 20:20:51
BV1Ed4y1u7JM,http://www.bilibili.com/video/av345533917,"科学,地球,天气,台风,高温,暴雨,江浙沪,地理,气象,科学很可爱,万物研究所2022第三期",2022-09-16 20:20:51
BV1Xe4y1C74w,http://www.bilibili.com/video/av557952457,"原创,科普,知识,海洋,科普纪录,航海,危害,清理,3分钟分享一个科学知识,2022·科学3分钟",2022-09-16 20:20:53
BV13T411M7Eg,http://www.bilibili.com/video/av472938113,"科普,实验,记录",2022-09-16 20:20:53
BV16G41137s3,http://www.bilibili.com/video/av430553012,"科学,自然,城市,人文,生态,环境,生物,万物研究所,万物研究所2022第三期",2022-09-16 20:20:53
BV1kG41137qj,http://www.bilibili.com/video/av430593199,"生命,人性,欧洲,社会,冷知识,小知识,弃婴,智能弃婴箱",2022-09-16 20:20:53
BV1CK411f7X8,http://www.bilibili.com/video/av472858880,"冷知识,原创,生活,知识,涨姿势,拖鞋,涨知识",2022-09-16 20:20:53
BV1zG4y1B74e,http://www.bilibili.com/video/av815295902,"杭州,头发,胡子,植发,脱发,掉发,头发稀疏,胡须植发",2022-09-16 20:20:53
BV1SG411G7ET,http://www.bilibili.com/video/av430253728,"万物研究所2022第三期,万物研究所,生物,健康,怀孕,原创,科学,医疗,科普向,母婴",2022-09-16 20:20:53
BV1LT411u76F,http://www.bilibili.com/video/av473112849,人脸山羊,2022-09-16 20:20:53
BV1og411S7DB,http://www.bilibili.com/video/av515370432,"工厂,记录,手工,技术,生活记录,实拍,原创",2022-09-16 20:20:53
BV1VT411M7fi,http://www.bilibili.com/video/av472912202,"人生,成功,励志,时间,思考,学习",2022-09-16 20:20:53
BV1eG41137n5,http://www.bilibili.com/video/av430565225,"自然,台风,地理,气象,万物研究所,万物研究所2022第三期",2022-09-16 20:20:53
BV1Ve4y187WQ,http://www.bilibili.com/video/av560559599,"原创,自制,科学,教育,实验,自然,冷知识,科普纪录,涨知识,网络热门鉴定,万物研究所2022第三期",2022-09-16 20:20:53
BV1QP41137uX,http://www.bilibili.com/video/av302869734,"新知识get了！,冷知识,涨知识,科学,实验,科普向,世界之最,阿司匹林",2022-09-16 20:20:53
BV1YY4y1K7AH,http://www.bilibili.com/video/av645483336,"科普,教育,学习",2022-09-16 20:20:53
BV11B4y137K8,http://www.bilibili.com/video/av602908362,"万物研究所2022第三期,万物研究所,玻璃,华为,强化玻璃,离子交换",2022-09-16 20:20:53
BV1uV4y1g73t,http://www.bilibili.com/video/av857909062,"钱,经济,科普",2022-09-16 20:20:53
BV1Xd4y1u7v4,http://www.bilibili.com/video/av345611001,"原创,性骚扰,犯罪,社会,冷知识,性,普法,两性,数据可视化,万物研究所,万物研究所2022第三期",2022-09-16 20:20:53
BV1be4y187qe,http://www.bilibili.com/video/av560614890,"马赫环,长征五号B,科学很可爱,长征七号甲,长征七号改,梦天实验舱,万物研究所2022第三期,中星1E",2022-09-16 20:20:53
BV12g411m7GU,http://www.bilibili.com/video/av515468752,"生命,健康,手术,副作用,涨知识,做手术,打麻药,万物研究所,万物研究所2022第三期",2022-09-16 20:20:53
BV1RV4y1u7P2,http://www.bilibili.com/video/av857898746,"万物研究所2022第三期,万物研究所,自然,生物,自然科学,全能打卡挑战,鸡心螺,蛇,蜘蛛,科普,毒性",2022-09-16 20:20:53
BV1uB4y1n7A7,http://www.bilibili.com/video/av602973192,"摩擦发电,趣味挑战,涨知识,科普,冷知识",2022-09-16 20:20:53
BV1mB4y1n7CX,http://www.bilibili.com/video/av603101988,"UFO,外星人,墨西哥,万物研究所,万物研究所2022第三期",2022-09-16 20:20:53
BV1cP4y1Z7me,http://www.bilibili.com/video/av900277450,"冷知识,有趣,小知识,涨知识,法国,人文,历史,阳痿,不举",2022-09-16 20:20:53
BV1614y1s7bE,http://www.bilibili.com/video/av772755485,"2022·科学3分钟,3分钟分享一个科学知识,科学",2022-09-16 20:20:53
BV17V4y1g7F2,http://www.bilibili.com/video/av857939594,"科普,冷知识,涨知识,鸭子坐,万物研究所,万物研究所2022第三期",2022-09-16 20:20:53
BV1tY4y1K7v6,http://www.bilibili.com/video/av645431340,"万物研究所2022第三期,万物研究所,人工智能,机器人,科普,机械臂,科学,智能,使用",2022-09-16 20:20:53
BV1oB4y1J7GT,http://www.bilibili.com/video/av602931704,"2022·科学3分钟,3分钟分享一个科学知识,破冰船,科普知识,知识,技术,考察,南极",2022-09-16 20:20:53
BV17e4y1y7L1,http://www.bilibili.com/video/av558061253,"发型,冷知识,时尚,男士,男士发型",2022-09-16 20:20:53
BV15Y4y1M7RR,http://www.bilibili.com/video/av645289492,"万物研究所2022第三期,万物研究所,冷知识,漫画,科普,姿势,人类,数据可视化,健康,身体",2022-09-16 20:20:53
BV1yD4y1v7cY,http://www.bilibili.com/video/av730611453,"科普,女性,结婚,健康,情感,常识,婚姻,女性健康,科学很可爱,健康觉醒季,万物研究所2022第三期",2022-09-16 20:20:53
BV14e4y1a7QF,http://www.bilibili.com/video/av560435871,"科学,旅游,悬疑,航空,冷知识,影评,未解之谜,脑洞,影评杂谈,收藏这个秋天,记录秋日生活碎片",2022-09-16 20:20:54
BV17d4y137JD,http://www.bilibili.com/video/av345392256,"科学,地球,生命,宇宙,黑洞,人类,文明,人文,冷知识,神秘",2022-09-16 20:20:54
BV1nB4y137jc,http://www.bilibili.com/video/av602864642,"万物研究所2022第三期,万物研究所,综艺,原创,科学,宇宙,AI,科幻,三体,刘慈欣,不要回答",2022-09-16 20:20:54
BV1JP4y1d727,http://www.bilibili.com/video/av900469540,"科普纪录,冷知识,原创,珍珠,养殖",2022-09-16 20:20:54
BV15D4y1q7kq,http://www.bilibili.com/video/av730381997,"冷知识,涨知识,涨姿势,死刑,罪犯",2022-09-16 20:20:54
BV1yB4y137Up,http://www.bilibili.com/video/av602909419,"中秋节,中国航天,嫦娥五号,嫦娥工程,中国载人登月,科学很可爱,月球科研站,万物研究所2022第三期,嫦娥石,探月工程四期立项,月壤新发现",2022-09-16 20:20:54
BV1De411T7Ed,http://www.bilibili.com/video/av260606861,"科普,螃蟹",2022-09-16 20:20:54
BV1UK411f7RU,http://www.bilibili.com/video/av472849614,"月球,科学,天文,月亮,矿物,月壤,嫦娥石,嫦娥号,探月工程",2022-09-16 20:20:54
BV1St4y1L7gm,http://www.bilibili.com/video/av985467201,"万物研究所2022第三期,万物研究所,自然,生物,生命,奇闻,科学,冷知识,涨知识,科普纪录",2022-09-16 20:20:54
BV1je4y187fE,http://www.bilibili.com/video/av560538863,"动物世界,鱼,野生动物,奇闻趣事,动物圈达人创作营",2022-09-16 20:20:54
BV15D4y1q7rw,http://www.bilibili.com/video/av730382017,"万物研究所2022第三期,万物研究所,失眠,睡眠,科学,脑科学,神经科学,蒲慕明,节律,生物钟,意识",2022-09-16 20:20:54
BV1Gd4y197jq,http://www.bilibili.com/video/av387947151,"万物研究所2022第三期,万物研究所,科普纪录,涨知识,实验,纪录片",2022-09-16 20:20:54
BV1sd4y1u7JY,http://www.bilibili.com/video/av345514797,"科普,医生,健康,后遗症,皮肤病,医学科普,皮肤科,带状疱疹,蛇缠腰,万物研究所,万物研究所2022第三期",2022-09-16 20:20:54
BV1nG4y1z7G2,http://www.bilibili.com/video/av815425310,"罕见,特征,身体",2022-09-16 20:20:54
BV1MD4y1q71W,http://www.bilibili.com/video/av730392804,"生命,健康,原创,男性健康,中医健康,养生,肾虚,医学,常识,中医",2022-09-16 20:20:54
BV1j14y1e7rM,http://www.bilibili.com/video/av772862075,"原创,游戏,电脑,科普,计算机,知识,科技,游戏杂谈,万物研究所,万物研究所2022第三期",2022-09-16 20:20:54
BV1Rg411S72S,http://www.bilibili.com/video/av515361069,"万物研究所2022第三期,万物研究所,美国,科普,加拿大,冷知识",2022-09-16 20:20:54
BV1SY4y1M7wP,http://www.bilibili.com/video/av645366019,"2022·科学3分钟,3分钟分享一个科学知识,实验,科学,冷知识,涨知识,化学,科普,白磷",2022-09-16 20:20:54
BV1ad4y1X7sW,http://www.bilibili.com/video/av387816256,"健康,科普,生命,科学,子宫,备孕",2022-09-16 20:20:54
BV1fg411m7uG,http://www.bilibili.com/video/av515502385,"科学,物理,知识,自然,海底火山,地理,脑洞,火山喷发,趣味科普,万物研究所,万物研究所2022第三期",2022-09-16 20:20:54
BV1cT411u7qa,http://www.bilibili.com/video/av473102744,"科学,生命,健康,医疗,医学,3分钟分享一个科学知识,2022·科学3分钟",2022-09-16 20:20:54
BV1Ve411g7D9,http://www.bilibili.com/video/av260550425,"万物研究所2022第三期,万物研究所,自然,生命,汽车知识,买车,销量,京东,刘强东,财经,商业",2022-09-16 20:20:54
BV1Hd4y1G7aD,http://www.bilibili.com/video/av345077008,"万物研究所,自然,生命,科学,冷知识,动画,科普向,百慕大三角,又见阿诺德",2022-09-16 20:20:54
BV1WP4y1Z7Tr,http://www.bilibili.com/video/av900385921,"科学,人文,太空,UFO,宇宙,天文,不明飞行物,外星文明",2022-09-16 20:20:54
BV1zP4y1Z7au,http://www.bilibili.com/video/av900400668,"科普,科学,健康,原创",2022-09-16 20:20:54
BV1N24y1Z7XW,http://www.bilibili.com/video/av687937938,"生命,飞机,冷知识,火焰,知识,航天,宇宙,太空,星球,月球",2022-09-16 20:20:54
BV1aD4y1z7vN,http://www.bilibili.com/video/av730302638,"万物研究所2022第三期,万物研究所,宇宙,天文,月球,地球,科普,中秋",2022-09-16 20:20:54
BV1AT411F7Kg,http://www.bilibili.com/video/av472887705,"万物研究所2022第三期,网络热门鉴定,原创,军事科技,吐槽网络热门军事视频,鉴定网络热门军事视频",2022-09-16 20:20:54
BV1LG4y1z7dX,http://www.bilibili.com/video/av815382336,"健康,涨知识,医生,教育,医学,HPV,科普,九价,跖疣,疣",2022-09-16 20:20:54
BV1HG411V7Xb,http://www.bilibili.com/video/av430392765,"原创,宇宙,UFO,不明飞行物,科技,天文,月球,月亮,飞碟,未解之谜",2022-09-16 20:20:54
